suman@edu.com.np suman123
pujan@edu.com.np pujan123
sujan@edu.com.np sujan123
bimal@edu.com.np bimal123
aiti@edu.com.np atit123
krishna@edu.com.np krishan123
nikesha@edu.com.np nikisha123
mahendra@edu.com.np mahendra123
dipendra@edu.com.np dipendra123
aayush@edu.com.np aayush123
sandesh@edu.com.np sandesh123
pradip@edu.com.np pradip123
pramod@edu.com.np pramod123
rama@edu.com.np rama123
uma@edu.com.np uma123
science@edu.com.np science123
unique@edu.com.np unique123
prince@edu.com.np prince123
krish@edu.com.np krish123
paul@edu.com.np paul123
bishal@edu.com.np bishal123
prativa@edu.com.np prativa123
pooja@edu.com.np pooja123
safalta@edu.com.np safalta123
anita@edu.com.np anita123
amrita@edu.com.np amrita123
sahil@edu.com.np sahil123
dipesh@edu.com.np dipesh123